{
  "meta": {
    "n_dilemmas": 40,
    "configs": {
      "marcus": {
        "layer": 26,
        "coeff": 0.11,
        "vector_file": "marcus_aurelius_steering_3B.pt"
      },
      "seneca": {
        "layer": 4,
        "coeff": 0.11,
        "vector_file": "seneca_steering_3B.pt"
      },
      "epictetus": {
        "layer": 8,
        "coeff": 0.11,
        "vector_file": "epictetus_steering_3B.pt"
      }
    },
    "measurement": "P(stoic) = softmax over {A,B} label tokens, averaged over both label orders",
    "runtime_sec": 1681.5
  },
  "baseline_p_stoic": {
    "ctrl_01": 0.9955692256335169,
    "ctrl_02": 0.9824546379386447,
    "ctrl_03": 0.994077957875561,
    "ctrl_04": 0.9936393483076245,
    "ctrl_05": 0.9738176539540291,
    "ctrl_06": 0.9922990624327213,
    "virt_01": 0.8807580471038818,
    "virt_02": 0.9059138409793377,
    "virt_03": 0.808501124382019,
    "virt_04": 0.9323645085096359,
    "virt_05": 0.7095340937376022,
    "emot_01": 0.7713951840996742,
    "emot_02": 0.7201687842607498,
    "emot_03": 0.968140259385109,
    "emot_04": 0.9516548616811633,
    "emot_05": 0.9885157460812479,
    "emot_06": 0.9559889081865549,
    "ext_01": 0.6056742519140244,
    "ext_02": 0.8174704015254974,
    "ext_03": 0.5,
    "ext_04": 0.6813783273100853,
    "ext_05": 0.7557473704218864,
    "ext_06": 0.9590103700757027,
    "fate_01": 0.9846824966371059,
    "fate_02": 0.9555194498971105,
    "fate_03": 0.9929043189622462,
    "fate_04": 0.9876405070535839,
    "fate_05": 0.9758409224450588,
    "mort_01": 0.8869871944189072,
    "mort_02": 0.9599409932270646,
    "mort_03": 0.9506735634058714,
    "duty_01": 0.8927491083741188,
    "duty_02": 0.6327916234731674,
    "duty_03": 0.9405958326533437,
    "duty_04": 0.8083739914000034,
    "duty_05": 0.9903322404716164,
    "self_01": 0.8709712848067284,
    "self_02": 0.9468102194368839,
    "self_03": 0.612688884139061,
    "self_04": 0.9866638700477779
  },
  "baseline_mean": 0.880506011666148,
  "philosophers": {
    "marcus": {
      "steered_p_stoic": {
        "ctrl_01": 0.9956174197141081,
        "ctrl_02": 0.9826946356333792,
        "ctrl_03": 0.9941428187885322,
        "ctrl_04": 0.9936994893942028,
        "ctrl_05": 0.974073089659214,
        "ctrl_06": 0.9924395538400859,
        "virt_01": 0.8807873092591763,
        "virt_02": 0.9052692800760269,
        "virt_03": 0.806731179356575,
        "virt_04": 0.9317899718880653,
        "virt_05": 0.7127033025026321,
        "emot_01": 0.7701659947633743,
        "emot_02": 0.7201688140630722,
        "emot_03": 0.9683777540922165,
        "emot_04": 0.9519928563386202,
        "emot_05": 0.9886526877526194,
        "emot_06": 0.9558504298329353,
        "ext_01": 0.6075629591941833,
        "ext_02": 0.8173894956707954,
        "ext_03": 0.5,
        "ext_04": 0.6813783273100853,
        "ext_05": 0.7557473704218864,
        "ext_06": 0.9593320870772004,
        "fate_01": 0.9849233888089657,
        "fate_02": 0.9558716993778944,
        "fate_03": 0.9929460613057017,
        "fate_04": 0.9878294933587313,
        "fate_05": 0.9759784857742488,
        "mort_01": 0.8866701573133469,
        "mort_02": 0.9602768486365676,
        "mort_03": 0.950622046366334,
        "duty_01": 0.892468199133873,
        "duty_02": 0.6347439736127853,
        "duty_03": 0.9410667167976499,
        "duty_04": 0.8083739914000034,
        "duty_05": 0.9904274290893227,
        "self_01": 0.8705250099301338,
        "self_02": 0.9464416317641735,
        "self_03": 0.613382063806057,
        "self_04": 0.9867832304444164
      },
      "steered_mean": 0.8806474313387298,
      "per_item_delta": {
        "ctrl_01": 4.819408059120178e-05,
        "ctrl_02": 0.00023999769473448396,
        "ctrl_03": 6.486091297119856e-05,
        "ctrl_04": 6.014108657836914e-05,
        "ctrl_05": 0.0002554357051849365,
        "ctrl_06": 0.00014049140736460686,
        "virt_01": 2.9262155294418335e-05,
        "virt_02": -0.0006445609033107758,
        "virt_03": -0.0017699450254440308,
        "virt_04": -0.0005745366215705872,
        "virt_05": 0.0031692087650299072,
        "emot_01": -0.0012291893362998962,
        "emot_02": 2.9802322387695312e-08,
        "emot_03": 0.00023749470710754395,
        "emot_04": 0.00033799465745687485,
        "emot_05": 0.00013694167137145996,
        "emot_06": -0.0001384783536195755,
        "ext_01": 0.0018887072801589966,
        "ext_02": -8.090585470199585e-05,
        "ext_03": 0.0,
        "ext_04": 0.0,
        "ext_05": 0.0,
        "ext_06": 0.0003217170014977455,
        "fate_01": 0.0002408921718597412,
        "fate_02": 0.00035224948078393936,
        "fate_03": 4.1742343455553055e-05,
        "fate_04": 0.00018898630514740944,
        "fate_05": 0.0001375633291900158,
        "mort_01": -0.00031703710556030273,
        "mort_02": 0.0003358554095029831,
        "mort_03": -5.151703953742981e-05,
        "duty_01": -0.0002809092402458191,
        "duty_02": 0.00195235013961792,
        "duty_03": 0.00047088414430618286,
        "duty_04": 0.0,
        "duty_05": 9.518861770629883e-05,
        "self_01": -0.00044627487659454346,
        "self_02": -0.0003685876727104187,
        "self_03": 0.0006931796669960022,
        "self_04": 0.00011936039663851261
      },
      "overall": {
        "n": 40,
        "mean_delta": 0.00014141967258183286,
        "std": 0.0007857396032211717,
        "t_stat": 1.1383116479823803,
        "p_value": 0.2619349040011709
      },
      "by_stance": {
        "accepting": {
          "n": 23,
          "mean_delta": -5.2366074194888704e-05,
          "std": 0.0003686239957722705,
          "t_stat": -0.6812873612577549,
          "p_value": 0.5027987298402125
        },
        "active": {
          "n": 17,
          "mean_delta": 0.000403600388809162,
          "std": 0.0010913399589968843,
          "t_stat": 1.5248108711515456,
          "p_value": 0.14682801627987682
        }
      },
      "by_concept": {
        "dichotomy_of_control": {
          "n": 6,
          "mean_delta": 0.00013485348123746613,
          "std": 9.340012614939449e-05,
          "t_stat": 3.5366356844253413,
          "p_value": 0.016621946592133185
        },
        "virtue_over_outcome": {
          "n": 5,
          "mean_delta": 4.188567399978638e-05,
          "std": 0.001865088798310914,
          "t_stat": 0.05021702689530854,
          "p_value": 0.9623570034232923
        },
        "emotional_discipline": {
          "n": 6,
          "mean_delta": -0.00010920114194353421,
          "std": 0.0005740958960145268,
          "t_stat": -0.46592752003252164,
          "p_value": 0.6608592652750727
        },
        "indifference_externals": {
          "n": 6,
          "mean_delta": 0.00035491973782579106,
          "std": 0.0007643892535499679,
          "t_stat": 1.1373423334747854,
          "p_value": 0.3069446507480721
        },
        "amor_fati": {
          "n": 5,
          "mean_delta": 0.00019228672608733176,
          "std": 0.00011577966826823151,
          "t_stat": 3.7136588585314967,
          "p_value": 0.020588137500258504
        },
        "death_and_loss": {
          "n": 3,
          "mean_delta": -1.089957853158315e-05,
          "std": 0.0003283359448192306,
          "t_stat": -0.05749788926760015,
          "p_value": 0.9593764141988306
        },
        "duty_and_role": {
          "n": 5,
          "mean_delta": 0.0004475027322769165,
          "std": 0.0008831874577694234,
          "t_stat": 1.1329944970180006,
          "p_value": 0.3205240055542699
        },
        "desire_and_self_mastery": {
          "n": 4,
          "mean_delta": -5.806214176118374e-07,
          "std": 0.0005259156283698704,
          "t_stat": -0.0022080401733317306,
          "p_value": 0.9983768599588138
        }
      }
    },
    "seneca": {
      "steered_p_stoic": {
        "ctrl_01": 0.9958636081428267,
        "ctrl_02": 0.9842197659309022,