{
  "timestamp": "20260705_225558",
  "stage": 4,
  "check": "base integrity 0.542->0.542 drift 0; Seneca \u0394P>0 in BOTH stance buckets with overall t>=2 (Exp 11 pattern)",
  "reference": "data/reference/dilemmas/v2/lora/dilemma_eval_20260701_140942.json (marcus \u0394P +0.0307 accepting-only; seneca +0.0606 both buckets; epictetus null)",
  "baseline_mean_start": 0.541601902275579,
  "baseline_mean_end": 0.541601902275579,
  "max_baseline_drift": 0.0,
  "base_integrity": true,
  "per_author": {
    "marcus": {
      "adapter": "lora_marcus_clean",
      "steered_mean": 0.5723357096780092,
      "steered_p_stoic": {
        "ctrl_01": 0.8593989908695221,
        "ctrl_02": 0.5551721975207329,
        "ctrl_03": 0.9831133531406522,
        "ctrl_04": 0.4964859187602997,
        "ctrl_05": 0.8927676156163216,
        "ctrl_06": 0.8910774551331997,
        "virt_01": 0.6987539082765579,
        "virt_02": 0.5019170641899109,
        "virt_03": 0.5349170565605164,
        "virt_04": 0.7912059053778648,
        "virt_05": 0.3099006414413452,
        "emot_01": 0.2766999304294586,
        "emot_02": 0.25621791183948517,
        "emot_03": 0.27826768159866333,
        "emot_04": 0.6431165672838688,
        "emot_05": 0.48643381521105766,
        "emot_06": 0.3912275955080986,
        "ext_01": 0.31151942908763885,
        "ext_02": 0.6104566156864166,
        "ext_03": 0.1793040856719017,
        "ext_04": 0.36870887503027916,
        "ext_05": 0.30034343153238297,
        "ext_06": 0.7521985601633787,
        "fate_01": 0.8936717733740807,
        "fate_02": 0.5630041658878326,
        "fate_03": 0.9738591876812279,
        "fate_04": 0.6082170903682709,
        "fate_05": 0.7759658694267273,
        "mort_01": 0.7262910753488541,
        "mort_02": 0.17313112318515778,
        "mort_03": 0.7946098875254393,
        "duty_01": 0.8721922412514687,
        "duty_02": 0.1977851241827011,
        "duty_03": 0.660658273845911,
        "duty_04": 0.3583970442414284,
        "duty_05": 0.9762117420323193,
        "self_01": 0.4130151867866516,
        "self_02": 0.49223558604717255,
        "self_03": 0.4475325345993042,
        "self_04": 0.5974458754062653
      },
      "overall": {
        "n": 40,
        "mean_delta": 0.0307338074024301,
        "std": 0.09741993148265636,
        "t_stat": 1.9952556131272743,
        "p_value": 0.05303502971386275
      },
      "overall_logodds": {
        "n": 40,
        "mean_delta": 0.16058184685496057,
        "std": 0.4649058534195502,
        "t_stat": 2.184547186071921,
        "p_value": 0.03499733483056413
      },
      "by_stance": {
        "accepting": {
          "n": 22,
          "mean_delta": 0.06522866273933853,
          "std": 0.10236426594730669,
          "t_stat": 2.988831550477705,
          "p_value": 0.006998099242781398
        },
        "active": {
          "n": 18,
          "mean_delta": -0.01142657134268019,
          "std": 0.07353075807855124,
          "t_stat": -0.659300104602993,
          "p_value": 0.5185351529610469
        }
      }
    },
    "seneca": {
      "adapter": "lora_seneca_clean",
      "steered_mean": 0.602172461093869,
      "steered_p_stoic": {
        "ctrl_01": 0.9568502977490425,
        "ctrl_02": 0.6697797905653715,
        "ctrl_03": 0.9535764418542385,
        "ctrl_04": 0.6132218241691589,
        "ctrl_05": 0.9163033757358789,
        "ctrl_06": 0.7175942333415151,
        "virt_01": 0.7833308503031731,
        "virt_02": 0.533880352973938,
        "virt_03": 0.5391431450843811,
        "virt_04": 0.6489101424813271,
        "virt_05": 0.3858555853366852,
        "emot_01": 0.3310689926147461,
        "emot_02": 0.1217474676668644,
        "emot_03": 0.4469313770532608,
        "emot_04": 0.7787579214200377,
        "emot_05": 0.42494938522577286,
        "emot_06": 0.3890436664223671,
        "ext_01": 0.2541453689336777,
        "ext_02": 0.7843827083706856,
        "ext_03": 0.10552122443914413,
        "ext_04": 0.39180959202349186,
        "ext_05": 0.41066621243953705,
        "ext_06": 0.515191312879324,
        "fate_01": 0.912529282271862,
        "fate_02": 0.7280531376600266,
        "fate_03": 0.9639827720820904,
        "fate_04": 0.6177247390151024,
        "fate_05": 0.9480339251458645,
        "mort_01": 0.7391389459371567,
        "mort_02": 0.15718675404787064,
        "mort_03": 0.8257149513810873,
        "duty_01": 0.9570353552699089,
        "duty_02": 0.13641869090497494,
        "duty_03": 0.6716538220643997,
        "duty_04": 0.3970875069499016,
        "duty_05": 0.9786595772020519,
        "self_01": 0.7806713506579399,
        "self_02": 0.5876067578792572,
        "self_03": 0.5434377193450928,
        "self_04": 0.46930188685655594
      },
      "overall": {
        "n": 40,
        "mean_delta": 0.06057055881829001,
        "std": 0.14870426501387762,
        "t_stat": 2.576132231272829,
        "p_value": 0.013893462174410412
      },
      "overall_logodds": {
        "n": 40,
        "mean_delta": 0.30809680542666096,
        "std": 0.8142547072623201,
        "t_stat": 2.393078323724317,
        "p_value": 0.02161914014101829
      },
      "by_stance": {
        "accepting": {
          "n": 22,
          "mean_delta": 0.07814604857809503,
          "std": 0.15417997496399968,
          "t_stat": 2.3773350456452538,
          "p_value": 0.027018866875636264
        },
        "active": {
          "n": 18,
          "mean_delta": 0.039089404667417206,
          "std": 0.14309662478635465,
          "t_stat": 1.1589532522158343,
          "p_value": 0.26249642621112734
        }
      }
    },
    "epictetus": {
      "adapter": "lora_epictetus_clean",
      "steered_mean": 0.5418673047563061,
      "steered_p_stoic": {
        "ctrl_01": 0.8140751421451569,
        "ctrl_02": 0.48453208804130554,
        "ctrl_03": 0.9873707937076688,
        "ctrl_04": 0.41865968704223633,
        "ctrl_05": 0.9091468378901482,
        "ctrl_06": 0.8644545190036297,
        "virt_01": 0.6991623640060425,
        "virt_02": 0.473103791475296,
        "virt_03": 0.6711891889572144,
        "virt_04": 0.4658251404762268,
        "virt_05": 0.36257466673851013,
        "emot_01": 0.21175368130207062,
        "emot_02": 0.19930801540613174,
        "emot_03": 0.1861683875322342,
        "emot_04": 0.6616046987473965,
        "emot_05": 0.4710170365869999,
        "emot_06": 0.19114212319254875,
        "ext_01": 0.3001577705144882,
        "ext_02": 0.4613015651702881,
        "ext_03": 0.14455804973840714,
        "ext_04": 0.1986050270497799,
        "ext_05": 0.27702032029628754,
        "ext_06": 0.777417866513133,
        "fate_01": 0.8620562329888344,
        "fate_02": 0.4568380117416382,
        "fate_03": 0.9611838823184371,
        "fate_04": 0.6248697340488434,
        "fate_05": 0.7022007554769516,
        "mort_01": 0.636907085776329,
        "mort_02": 0.28458671271800995,
        "mort_03": 0.7893101125955582,
        "duty_01": 0.8857242986559868,
        "duty_02": 0.18325233832001686,
        "duty_03": 0.688909787684679,
        "duty_04": 0.4288102239370346,
        "duty_05": 0.9708461174741387,
        "self_01": 0.4226299524307251,
        "self_02": 0.4234025329351425,
        "self_03": 0.42643147706985474,
        "self_04": 0.6965841725468636
      },
      "overall": {
        "n": 40,
        "mean_delta": 0.00026540248072706165,
        "std": 0.022784254782682874,
        "t_stat": 0.07367160732369848,
        "p_value": 0.9416482601752982
      },
      "overall_logodds": {
        "n": 40,
        "mean_delta": 0.0033498088532568234,
        "std": 0.11646821703587877,
        "t_stat": 0.18190414470284302,
        "p_value": 0.8566001449213058
      },
      "by_stance": {
        "accepting": {
          "n": 22,
          "mean_delta": 0.004615978835235265,
          "std": 0.026126759432304067,
          "t_stat": 0.8286852386687108,
          "p_value": 0.416602237216731
        },