{
  "timestamp": "20260703_003124",
  "stage": 1,
  "check": "base P(stoic) == 0.542 on v2 set",
  "n_dilemmas": 40,
  "baseline_mean": 0.541601902275579,
  "target": 0.542,
  "reference_exact": 0.541601902275579,
  "passed": true,
  "baseline_p_stoic": {
    "ctrl_01": 0.8240789771080017,
    "ctrl_02": 0.4435737803578377,
    "ctrl_03": 0.9867850507143885,
    "ctrl_04": 0.43961286544799805,
    "ctrl_05": 0.8925893008708954,
    "ctrl_06": 0.8720522038638592,
    "virt_01": 0.7118502855300903,
    "virt_02": 0.44325581192970276,
    "virt_03": 0.676413893699646,
    "virt_04": 0.41465669870376587,
    "virt_05": 0.3732016384601593,
    "emot_01": 0.18869506567716599,
    "emot_02": 0.17799480259418488,
    "emot_03": 0.18086038529872894,
    "emot_04": 0.665486067533493,
    "emot_05": 0.4859326034784317,
    "emot_06": 0.17311103641986847,
    "ext_01": 0.28674544394016266,
    "ext_02": 0.47854483127593994,
    "ext_03": 0.12237680703401566,
    "ext_04": 0.18223030120134354,
    "ext_05": 0.28299081325531006,
    "ext_06": 0.7508372981101274,
    "fate_01": 0.8724097982048988,
    "fate_02": 0.4436487853527069,
    "fate_03": 0.9663262031972408,
    "fate_04": 0.6338162496685982,
    "fate_05": 0.6591453850269318,
    "mort_01": 0.6279494017362595,
    "mort_02": 0.32767756283283234,
    "mort_03": 0.8067825548350811,
    "duty_01": 0.8922333940863609,
    "duty_02": 0.17336610332131386,
    "duty_03": 0.6970776133239269,
    "duty_04": 0.4676657170057297,
    "duty_05": 0.973538956604898,
    "self_01": 0.43065088987350464,
    "self_02": 0.48090192675590515,
    "self_03": 0.434017077088356,
    "self_04": 0.7229925096035004
  }
}